sampleName,editing,barcode1,barcode2
R1C1S-1,Cas9+,AACTATAGCCCT,TCGTTGGATGGT
R1C1M-1,Cas9+,GATATGCGGCTG,TCGTTGGATGGT
R1C1M-2,Cas9+,TGCGAACGTATC,TCGTTGGATGGT
R1C1M-3,Cas9+,GGCGAATCTTGG,TCGTTGGATGGT
R1C1M-4,Cas9+,TAAATCAGCCTC,TCGTTGGATGGT
R4C1S-1,Cas9-,AACTATAGCCCT,TCCTCCTATTGC
R4C1M-1,Cas9-,GATATGCGGCTG,TCCTCCTATTGC
R4C1M-2,Cas9-,TGCGAACGTATC,TCCTCCTATTGC
R4C1M-3,Cas9-,GGCGAATCTTGG,TCCTCCTATTGC
R4C1M-4,Cas9-,TAAATCAGCCTC,TCCTCCTATTGC
NegCont-1,NA,GCTTGCGAGACA,TCGTTGGATGGT
NegCont-2,NA,GCTTGCGAGACA,TCCTCCTATTGC
